Layer,Start,End,Label,Colour,Emphasis,Foot
,2026-09-14 20:57:53,2026-09-14 21:02:53,,,,merging
,2026-09-14 20:57:53,2026-09-14 21:02:53,,,,merging
,2026-09-14 20:57:53,2026-09-14 21:02:53,,,,merging
,2026-09-14 20:57:52,2026-09-14 21:02:52,,,,merging
,2026-09-14 20:57:52,2026-09-14 21:02:52,,,,merging
,2026-09-14 04:48:30,2026-09-14 04:53:30,,,,merging
,2026-09-14 04:48:30,2026-09-14 04:53:30,,,,merging
,2026-09-14 04:48:30,2026-09-14 04:53:30,,,,merging
,2026-09-14 04:48:30,2026-09-14 04:53:30,,,,merging
,2026-09-14 04:48:30,2026-09-14 04:53:30,,,,merging
,2026-09-14 04:48:29,2026-09-14 04:53:29,,,,merging
,2026-09-14 04:48:29,2026-09-14 04:53:29,,,,merging
,2026-09-14 04:48:29,2026-09-14 04:53:29,,,,merging
,2026-09-14 04:48:29,2026-09-14 04:53:29,,,,merging
,2026-09-14 04:48:28,2026-09-14 04:53:28,,,,merging
,2026-09-11 16:40:10,2026-09-11 16:45:10,,,,merging
,2026-09-11 16:40:10,2026-09-11 16:45:10,,,,merging
,2026-09-11 16:40:10,2026-09-11 16:45:10,,,,merging
,2026-09-11 15:58:58,2026-09-11 16:03:58,,,,merging
,2026-09-10 12:31:17,2026-09-10 12:36:17,,,,merging
,2026-09-10 12:31:17,2026-09-10 12:36:17,,,,merging
,2026-09-10 12:31:17,2026-09-10 12:36:17,,,,merging
,2026-09-10 12:31:16,2026-09-10 12:36:16,,,,merging
,2026-09-10 12:31:16,2026-09-10 12:36:16,,,,merging
,2026-09-10 12:31:16,2026-09-10 12:36:16,,,,merging
,2026-09-10 12:31:16,2026-09-10 12:36:16,,,,merging
,2026-09-07 16:27:06,2026-09-07 16:32:06,,,,merging
,2026-09-07 16:27:06,2026-09-07 16:32:06,,,,merging
,2026-09-07 16:27:06,2026-09-07 16:32:06,,,,merging
,2026-09-07 16:27:05,2026-09-07 16:32:05,,,,merging
,2026-09-07 16:27:05,2026-09-07 16:32:05,,,,merging
,2026-09-07 16:27:05,2026-09-07 16:32:05,,,,merging
,2026-09-02 16:16:59,2026-09-02 16:21:59,,,,merging
,2026-09-02 16:16:59,2026-09-02 16:21:59,,,,merging
,2026-09-14 21:00:05,2026-09-14 21:05:05,,,,merging
,2026-09-14 04:51:14,2026-09-14 04:56:14,,,,merging
,2026-09-14 04:51:06,2026-09-14 04:56:06,,,,merging
,2026-09-14 04:51:05,2026-09-14 04:56:05,,,,merging
,2026-09-14 04:51:05,2026-09-14 04:56:05,,,,merging
,2026-09-14 04:51:05,2026-09-14 04:56:05,,,,merging
,2026-09-11 22:31:54,2026-09-11 22:36:54,,,,merging
,2026-09-11 16:41:55,2026-09-11 16:46:55,,,,merging
,2026-09-11 16:41:45,2026-09-11 16:46:45,,,,merging
,2026-09-11 16:41:45,2026-09-11 16:46:45,,,,merging
,2026-09-11 16:41:43,2026-09-11 16:46:43,,,,merging
,2026-09-10 12:37:30,2026-09-10 12:42:30,,,,merging
,2026-09-10 12:37:22,2026-09-10 12:42:22,,,,merging
,2026-09-10 12:37:22,2026-09-10 12:42:22,,,,merging
,2026-09-10 12:37:21,2026-09-10 12:42:21,,,,merging
,2026-09-09 19:55:02,2026-09-09 20:00:02,,,,merging
,2026-09-09 19:55:02,2026-09-09 20:00:02,,,,merging
,2026-09-08 19:10:03,2026-09-08 19:15:03,,,,merging
,2026-09-08 19:10:03,2026-09-08 19:15:03,,,,merging
,2026-09-08 19:10:03,2026-09-08 19:15:03,,,,merging
,2026-09-08 05:22:50,2026-09-08 05:27:50,,,,merging
,2026-09-08 05:22:50,2026-09-08 05:27:50,,,,merging
,2026-09-08 05:22:50,2026-09-08 05:27:50,,,,merging
,2026-09-08 05:22:50,2026-09-08 05:27:50,,,,merging
,2026-09-08 05:22:49,2026-09-08 05:27:49,,,,merging
,2026-09-07 16:28:53,2026-09-07 16:33:53,,,,merging
,2026-09-07 16:28:38,2026-09-07 16:33:38,,,,merging
,2026-09-07 16:28:38,2026-09-07 16:33:38,,,,merging
,2026-09-07 16:28:37,2026-09-07 16:33:37,,,,merging
,2026-09-07 16:28:37,2026-09-07 16:33:37,,,,merging
,2026-09-04 14:47:35,2026-09-04 14:52:35,,,,merging
,2026-09-04 14:47:34,2026-09-04 14:52:34,,,,merging
,2026-09-04 14:47:34,2026-09-04 14:52:34,,,,merging
,2026-09-03 21:49:36,2026-09-03 21:54:36,,,,merging
,2026-09-03 21:49:36,2026-09-03 21:54:36,,,,merging
,2026-09-03 21:49:36,2026-09-03 21:54:36,,,,merging
,2026-09-03 19:37:59,2026-09-03 19:42:59,,,,merging
,2026-09-02 17:45:40,2026-09-02 17:50:40,,,,merging
yt/pathspec-negative-prefix,2026-09-03 18:25:13,2026-09-15 00:00:00,yt/pathspec-negative-prefix,yt,0,
yt/pathspec-negative-prefix,2026-09-14 07:10:51,2026-09-14 07:25:51,yt/pathspec-negative-prefix,yt,2,
yt/pathspec-negative-prefix,2026-09-14 07:12:05,2026-09-14 07:27:05,yt/pathspec-negative-prefix,yt,2,
jc/rust-cargo-build-target,2026-09-10 10:20:14,2026-09-15 00:00:00,jc/rust-cargo-build-target,jc,0,
js/rust-in-windows-ci,2026-09-13 15:57:11,2026-09-15 00:00:00,js/rust-in-windows-ci,js,0,
js/rust-in-windows-ci,2026-09-14 04:56:05,2026-09-15 00:00:00,js/rust-in-windows-ci,js,1,
js/rust-in-windows-ci,2026-09-13 15:57:11,2026-09-13 15:57:12,js/rust-in-windows-ci,js,2,
ps/odb-pluggable-fsck,2026-09-01 00:00:00,2026-09-15 00:00:00,ps/odb-pluggable-fsck,ps,0,
ps/odb-pluggable-fsck,2026-09-14 04:56:06,2026-09-15 00:00:00,ps/odb-pluggable-fsck,ps,1,
ps/odb-pluggable-fsck,2026-09-11 13:12:25,2026-09-11 13:27:25,ps/odb-pluggable-fsck,ps,2,
ps/odb-pluggable-fsck,2026-09-11 13:12:26,2026-09-11 13:27:26,ps/odb-pluggable-fsck,ps,2,
ps/odb-pluggable-fsck,2026-09-11 13:12:27,2026-09-11 13:27:27,ps/odb-pluggable-fsck,ps,2,
ps/odb-pluggable-fsck,2026-09-11 13:12:28,2026-09-11 13:27:28,ps/odb-pluggable-fsck,ps,2,
ps/odb-pluggable-fsck,2026-09-11 13:12:29,2026-09-11 13:27:29,ps/odb-pluggable-fsck,ps,2,
ps/odb-pluggable-fsck,2026-09-11 13:12:30,2026-09-11 13:27:30,ps/odb-pluggable-fsck,ps,2,
ps/odb-pluggable-fsck,2026-09-11 13:12:31,2026-09-11 13:27:31,ps/odb-pluggable-fsck,ps,2,
ps/odb-pluggable-fsck,2026-09-11 13:12:32,2026-09-11 13:27:32,ps/odb-pluggable-fsck,ps,2,
ps/odb-pluggable-fsck,2026-09-11 13:12:33,2026-09-11 13:27:33,ps/odb-pluggable-fsck,ps,2,
ps/odb-pluggable-fsck,2026-09-11 13:12:34,2026-09-11 13:27:34,ps/odb-pluggable-fsck,ps,2,
ps/odb-stop-registering-in-memory-sources,2026-09-01 17:55:20,2026-09-15 00:00:00,ps/odb-stop-registering-in-memory-sources,ps,0,
ps/odb-stop-registering-in-memory-sources,2026-09-11 16:46:45,2026-09-15 00:00:00,ps/odb-stop-registering-in-memory-sources,ps,1,
ps/odb-stop-registering-in-memory-sources,2026-09-11 05:36:44,2026-09-11 05:51:44,ps/odb-stop-registering-in-memory-sources,ps,2,
ps/odb-stop-registering-in-memory-sources,2026-09-11 05:36:45,2026-09-11 05:51:45,ps/odb-stop-registering-in-memory-sources,ps,2,
ps/odb-stop-registering-in-memory-sources,2026-09-11 05:36:46,2026-09-11 05:51:46,ps/odb-stop-registering-in-memory-sources,ps,2,
ps/odb-stop-registering-in-memory-sources,2026-09-11 05:36:47,2026-09-11 05:51:47,ps/odb-stop-registering-in-memory-sources,ps,2,
ps/odb-stop-registering-in-memory-sources,2026-09-11 05:36:48,2026-09-11 05:51:48,ps/odb-stop-registering-in-memory-sources,ps,2,
ps/odb-stop-registering-in-memory-sources,2026-09-11 05:36:49,2026-09-11 05:51:49,ps/odb-stop-registering-in-memory-sources,ps,2,
ps/odb-stop-registering-in-memory-sources,2026-09-11 05:36:50,2026-09-11 05:51:50,ps/odb-stop-registering-in-memory-sources,ps,2,
ps/odb-stop-registering-in-memory-sources,2026-09-11 05:36:51,2026-09-11 05:51:51,ps/odb-stop-registering-in-memory-sources,ps,2,
ps/odb-stop-registering-in-memory-sources,2026-09-11 05:36:52,2026-09-11 05:51:52,ps/odb-stop-registering-in-memory-sources,ps,2,
ps/odb-stop-registering-in-memory-sources,2026-09-11 05:36:53,2026-09-11 05:51:53,ps/odb-stop-registering-in-memory-sources,ps,2,
ps/odb-stop-registering-in-memory-sources,2026-09-11 05:36:54,2026-09-11 05:51:54,ps/odb-stop-registering-in-memory-sources,ps,2,
ps/odb-stop-registering-in-memory-sources,2026-09-11 05:36:55,2026-09-11 05:51:55,ps/odb-stop-registering-in-memory-sources,ps,2,
ps/odb-stop-registering-in-memory-sources,2026-09-11 05:36:56,2026-09-11 05:51:56,ps/odb-stop-registering-in-memory-sources,ps,2,
js/win-cmake-use-ucrt64,2026-09-13 20:41:12,2026-09-15 00:00:00,js/win-cmake-use-ucrt64,js,0,
js/win-cmake-use-ucrt64,2026-09-14 04:56:05,2026-09-15 00:00:00,js/win-cmake-use-ucrt64,js,1,
js/mingw-test-fixes-around-perl,2026-09-13 19:11:06,2026-09-15 00:00:00,js/mingw-test-fixes-around-perl,js,0,
js/mingw-test-fixes-around-perl,2026-09-14 04:56:05,2026-09-15 00:00:00,js/mingw-test-fixes-around-perl,js,1,
js/mingw-test-fixes-around-perl,2026-09-13 19:11:06,2026-09-13 19:11:07,js/mingw-test-fixes-around-perl,js,2,
sa/rev-list-missing-only,2026-09-03 20:45:51,2026-09-14 21:02:53,sa/rev-list-missing-only,sa,0,
sa/rev-list-missing-only,2026-09-08 05:27:50,2026-09-14 21:02:53,sa/rev-list-missing-only,sa,1,
ps/tune-rerere-gc,2026-09-04 07:03:05,2026-09-14 21:02:53,ps/tune-rerere-gc,ps,0,
ps/tune-rerere-gc,2026-09-08 05:27:50,2026-09-14 21:02:53,ps/tune-rerere-gc,ps,1,
ps/tune-rerere-gc,2026-09-04 07:03:05,2026-09-04 07:03:06,ps/tune-rerere-gc,ps,2,
hn/checkout-m-autostash-refine,2026-09-03 14:39:57,2026-09-14 21:02:53,hn/checkout-m-autostash-refine,hn,0,
hn/checkout-m-autostash-refine,2026-09-08 05:27:50,2026-09-14 21:02:53,hn/checkout-m-autostash-refine,hn,1,
hn/checkout-m-autostash-refine,2026-09-03 14:39:57,2026-09-03 14:39:58,hn/checkout-m-autostash-refine,hn,2,
wf/imap-send-draft,2026-09-02 00:13:21,2026-09-14 21:02:52,wf/imap-send-draft,wf,0,
wf/imap-send-draft,2026-09-07 16:33:38,2026-09-14 21:02:52,wf/imap-send-draft,wf,1,
mm/lib-httpd-cgi-safe,2026-09-01 15:53:01,2026-09-14 21:02:52,mm/lib-httpd-cgi-safe,mm,0,
mm/lib-httpd-cgi-safe,2026-09-07 16:33:37,2026-09-14 21:02:52,mm/lib-httpd-cgi-safe,mm,1,
mm/lib-httpd-cgi-safe,2026-09-01 15:53:01,2026-09-01 15:53:02,mm/lib-httpd-cgi-safe,mm,2,
mm/lib-httpd-cgi-safe,2026-09-01 15:53:01,2026-09-01 15:53:03,mm/lib-httpd-cgi-safe,mm,2,
ta/lint-gitlink-older-perl-fix,2026-09-07 18:48:58,2026-09-14 04:53:30,ta/lint-gitlink-older-perl-fix,ta,0,
ta/lint-gitlink-older-perl-fix,2026-09-10 12:42:22,2026-09-14 04:53:30,ta/lint-gitlink-older-perl-fix,ta,1,
jc/history-missing-tree-errorfix,2026-09-03 06:36:57,2026-09-14 04:53:30,jc/history-missing-tree-errorfix,jc,0,
jc/history-missing-tree-errorfix,2026-09-10 12:42:21,2026-09-14 04:53:30,jc/history-missing-tree-errorfix,jc,1,
as/cherry-pick-no-commit-doc,2026-09-05 17:13:31,2026-09-14 04:53:30,as/cherry-pick-no-commit-doc,as,0,
as/cherry-pick-no-commit-doc,2026-09-09 20:00:02,2026-09-14 04:53:30,as/cherry-pick-no-commit-doc,as,1,
as/cherry-pick-no-commit-doc,2026-09-05 17:13:31,2026-09-05 17:13:32,as/cherry-pick-no-commit-doc,as,2,
kh/doc-datamodel,2026-09-05 17:28:12,2026-09-14 04:53:30,kh/doc-datamodel,kh,0,
kh/doc-datamodel,2026-09-09 20:00:02,2026-09-14 04:53:30,kh/doc-datamodel,kh,1,
kh/doc-datamodel,2026-09-05 17:28:12,2026-09-05 17:28:13,kh/doc-datamodel,kh,2,
kh/doc-datamodel,2026-09-05 17:28:12,2026-09-05 17:28:14,kh/doc-datamodel,kh,2,
kh/doc-datamodel,2026-09-05 17:28:12,2026-09-05 17:28:15,kh/doc-datamodel,kh,2,
tn/fetch-pack-trace-packfile-uri,2026-09-01 00:00:00,2026-09-14 04:53:30,tn/fetch-pack-trace-packfile-uri,tn,0,
tn/fetch-pack-trace-packfile-uri,2026-09-08 19:15:03,2026-09-14 04:53:30,tn/fetch-pack-trace-packfile-uri,tn,1,
jc/pathspec-match-const,2026-09-03 18:13:29,2026-09-14 04:53:29,jc/pathspec-match-const,jc,0,
jc/pathspec-match-const,2026-09-08 05:27:50,2026-09-14 04:53:29,jc/pathspec-match-const,jc,1,
jk/submodule-error-leak,2026-09-02 05:55:26,2026-09-14 04:53:29,jk/submodule-error-leak,jk,0,
jk/submodule-error-leak,2026-09-07 16:33:38,2026-09-14 04:53:29,jk/submodule-error-leak,jk,1,
jk/submodule-error-leak,2026-09-02 05:55:26,2026-09-02 05:57:30,jk/submodule-error-leak,jk,2,
en/no-amend-during-conflicts,2026-09-01 22:24:37,2026-09-14 04:53:29,en/no-amend-during-conflicts,en,0,
en/no-amend-during-conflicts,2026-09-07 16:33:37,2026-09-14 04:53:29,en/no-amend-during-conflicts,en,1,
en/no-amend-during-conflicts,2026-09-01 22:24:37,2026-09-01 22:24:38,en/no-amend-during-conflicts,en,2,
en/no-amend-during-conflicts,2026-09-01 22:24:37,2026-09-01 22:24:39,en/no-amend-during-conflicts,en,2,
en/no-amend-during-conflicts,2026-09-01 22:24:37,2026-09-01 22:24:40,en/no-amend-during-conflicts,en,2,
en/no-amend-during-conflicts,2026-09-01 22:24:37,2026-09-01 22:24:41,en/no-amend-during-conflicts,en,2,
bc/maintenance-doc-markup-fix-for-asciidoc,2026-09-10 06:52:31,2026-09-14 04:53:29,bc/maintenance-doc-markup-fix-for-asciidoc,bc,0,
bc/maintenance-doc-markup-fix-for-asciidoc,2026-09-11 16:46:45,2026-09-14 04:53:29,bc/maintenance-doc-markup-fix-for-asciidoc,bc,1,
jk/ci-use-system-asciidoctor,2026-09-01 08:16:11,2026-09-11 16:45:10,jk/ci-use-system-asciidoctor,jk,0,
jk/ci-use-system-asciidoctor,2026-09-08 19:15:03,2026-09-11 16:45:10,jk/ci-use-system-asciidoctor,jk,1,
jk/ci-use-system-asciidoctor,2026-09-02 06:59:09,2026-09-02 07:14:09,jk/ci-use-system-asciidoctor,jk,2,
jk/ci-use-system-asciidoctor,2026-09-02 06:59:09,2026-09-02 07:14:09,jk/ci-use-system-asciidoctor,jk,2,
jk/ci-use-system-asciidoctor,2026-09-02 07:01:13,2026-09-02 07:16:13,jk/ci-use-system-asciidoctor,jk,2,
js/mingw-build-updates,2026-09-10 06:05:15,2026-09-11 16:45:10,js/mingw-build-updates,js,0,
js/mingw-build-updates,2026-09-10 12:42:22,2026-09-11 16:45:10,js/mingw-build-updates,js,1,
js/mingw-build-updates,2026-09-10 06:05:15,2026-09-10 06:05:16,js/mingw-build-updates,js,2,
js/mingw-build-updates,2026-09-10 06:05:15,2026-09-10 06:05:17,js/mingw-build-updates,js,2,
js/mingw-build-updates,2026-09-10 06:05:15,2026-09-10 06:05:18,js/mingw-build-updates,js,2,
js/mingw-build-updates,2026-09-10 06:05:15,2026-09-10 06:05:19,js/mingw-build-updates,js,2,
js/mingw-build-updates,2026-09-10 06:05:15,2026-09-10 06:05:20,js/mingw-build-updates,js,2,
js/mingw-build-updates,2026-09-10 06:05:15,2026-09-10 06:05:21,js/mingw-build-updates,js,2,
js/mingw-build-updates,2026-09-10 06:05:15,2026-09-10 06:05:22,js/mingw-build-updates,js,2,
js/mingw-build-updates,2026-09-10 06:05:15,2026-09-10 06:05:23,js/mingw-build-updates,js,2,
js/mingw-build-updates,2026-09-10 06:05:15,2026-09-10 06:05:24,js/mingw-build-updates,js,2,
js/mingw-build-updates,2026-09-10 06:05:15,2026-09-10 06:05:25,js/mingw-build-updates,js,2,
js/mingw-build-updates,2026-09-10 06:05:15,2026-09-10 06:05:26,js/mingw-build-updates,js,2,
js/mingw-build-updates,2026-09-10 06:05:15,2026-09-10 06:05:27,js/mingw-build-updates,js,2,
jk/ci-bump-debian-to-12,2026-09-05 13:58:22,2026-09-11 16:45:10,jk/ci-bump-debian-to-12,jk,0,
jk/ci-bump-debian-to-12,2026-09-08 05:27:49,2026-09-11 16:45:10,jk/ci-bump-debian-to-12,jk,1,
en/midx-missing-pack-fallback,2026-09-01 00:00:00,2026-09-10 12:36:17,en/midx-missing-pack-fallback,en,0,
en/midx-missing-pack-fallback,2026-09-04 14:52:35,2026-09-10 12:36:17,en/midx-missing-pack-fallback,en,1,
jk/rev-info-argv-to-free,2026-09-01 06:28:15,2026-09-10 12:36:17,jk/rev-info-argv-to-free,jk,0,
jk/rev-info-argv-to-free,2026-09-04 14:52:34,2026-09-10 12:36:17,jk/rev-info-argv-to-free,jk,1,
jk/rev-info-argv-to-free,2026-09-01 06:28:15,2026-09-01 06:36:45,jk/rev-info-argv-to-free,jk,2,
tc/replay-linearize,2026-09-01 00:00:00,2026-09-10 12:36:17,tc/replay-linearize,tc,0,
tc/replay-linearize,2026-09-01 00:00:00,2026-09-10 12:36:17,tc/replay-linearize,tc,1,
hk/typofix,2026-09-01 00:00:00,2026-09-10 12:36:16,hk/typofix,hk,0,
hk/typofix,2026-09-03 21:54:36,2026-09-10 12:36:16,hk/typofix,hk,1,
rs/worktree-add-basename-fixes,2026-09-01 00:00:00,2026-09-10 12:36:16,rs/worktree-add-basename-fixes,rs,0,
rs/worktree-add-basename-fixes,2026-09-03 21:54:36,2026-09-10 12:36:16,rs/worktree-add-basename-fixes,rs,1,
hn/ci-cancel-stale-pr-runs,2026-09-01 00:00:00,2026-09-10 12:36:16,hn/ci-cancel-stale-pr-runs,hn,0,
hn/ci-cancel-stale-pr-runs,2026-09-03 21:54:36,2026-09-10 12:36:16,hn/ci-cancel-stale-pr-runs,hn,1,
ns/ref-symref-additional-tests,2026-09-01 00:00:00,2026-09-10 12:36:16,ns/ref-symref-additional-tests,ns,0,
ns/ref-symref-additional-tests,2026-09-03 19:42:59,2026-09-10 12:36:16,ns/ref-symref-additional-tests,ns,1,
yn/worktree-repair-relative,2026-09-01 00:00:00,2026-09-07 16:32:06,yn/worktree-repair-relative,yn,0,
yn/worktree-repair-relative,2026-09-01 00:00:00,2026-09-07 16:32:06,yn/worktree-repair-relative,yn,1,
ll/zsh-complete-git-potty-options,2026-09-01 00:00:00,2026-09-07 16:32:06,ll/zsh-complete-git-potty-options,ll,0,
ll/zsh-complete-git-potty-options,2026-09-01 00:00:00,2026-09-07 16:32:06,ll/zsh-complete-git-potty-options,ll,1,
gr/add-e-use-apply-api,2026-09-01 00:00:00,2026-09-07 16:32:06,gr/add-e-use-apply-api,gr,0,
gr/add-e-use-apply-api,2026-09-01 00:00:00,2026-09-07 16:32:06,gr/add-e-use-apply-api,gr,1,
jc/you-still-use-that,2026-09-01 00:00:00,2026-09-07 16:32:05,jc/you-still-use-that,jc,0,
jc/you-still-use-that,2026-09-01 00:00:00,2026-09-07 16:32:05,jc/you-still-use-that,jc,1,
yn/worktree-ambiguous-remote-advice,2026-09-01 00:00:00,2026-09-07 16:32:05,yn/worktree-ambiguous-remote-advice,yn,0,
yn/worktree-ambiguous-remote-advice,2026-09-01 00:00:00,2026-09-07 16:32:05,yn/worktree-ambiguous-remote-advice,yn,1,
kn/reftable-optimize-reloading,2026-09-01 00:00:00,2026-09-07 16:32:05,kn/reftable-optimize-reloading,kn,0,
kn/reftable-optimize-reloading,2026-09-01 00:00:00,2026-09-07 16:32:05,kn/reftable-optimize-reloading,kn,1,
jc/rerere-doc-typofix,2026-09-01 00:00:00,2026-09-02 16:21:59,jc/rerere-doc-typofix,jc,0,
jc/rerere-doc-typofix,2026-09-01 00:00:00,2026-09-02 16:21:59,jc/rerere-doc-typofix,jc,1,
ty/repository-fetch-if-missing,2026-09-01 00:00:00,2026-09-02 16:21:59,ty/repository-fetch-if-missing,ty,0,
ty/repository-fetch-if-missing,2026-09-01 00:00:00,2026-09-02 16:21:59,ty/repository-fetch-if-missing,ty,1,
yn/worktree-repair-completion,2026-09-14 19:35:36,2026-09-15 00:00:00,yn/worktree-repair-completion,yn,0,
ps/ref-storage-format,2026-09-09 11:12:47,2026-09-15 00:00:00,ps/ref-storage-format,ps,0,
ps/ref-storage-format,2026-09-09 11:12:47,2026-09-09 11:12:48,ps/ref-storage-format,ps,2,
ps/ref-storage-format,2026-09-09 11:12:47,2026-09-09 11:12:49,ps/ref-storage-format,ps,2,
ps/ref-storage-format,2026-09-09 11:12:47,2026-09-09 11:12:50,ps/ref-storage-format,ps,2,
ps/ref-storage-format,2026-09-09 11:12:47,2026-09-09 11:12:51,ps/ref-storage-format,ps,2,
ps/ref-storage-format,2026-09-09 11:12:47,2026-09-09 11:12:52,ps/ref-storage-format,ps,2,
ps/ref-storage-format,2026-09-09 11:12:47,2026-09-09 11:12:53,ps/ref-storage-format,ps,2,
ps/ref-storage-format,2026-09-09 11:12:47,2026-09-09 11:12:54,ps/ref-storage-format,ps,2,
ps/ref-storage-format,2026-09-09 11:12:47,2026-09-09 11:12:55,ps/ref-storage-format,ps,2,
ps/ref-storage-format,2026-09-09 11:12:47,2026-09-09 11:12:56,ps/ref-storage-format,ps,2,
ps/ref-storage-format,2026-09-09 11:12:47,2026-09-09 11:12:57,ps/ref-storage-format,ps,2,
ps/ref-storage-format,2026-09-09 11:12:47,2026-09-09 11:12:58,ps/ref-storage-format,ps,2,
ps/ref-storage-format,2026-09-09 11:12:47,2026-09-09 11:12:59,ps/ref-storage-format,ps,2,
ak/refs-files-root-ref-lock,2026-09-12 01:46:09,2026-09-15 00:00:00,ak/refs-files-root-ref-lock,ak,0,
jc/cocci-free-updates,2026-09-11 22:09:47,2026-09-15 00:00:00,jc/cocci-free-updates,jc,0,
jc/cocci-free-updates,2026-09-11 22:09:47,2026-09-11 22:21:35,jc/cocci-free-updates,jc,2,
dk/use-nsec-runtime,2026-09-11 12:32:27,2026-09-15 00:00:00,dk/use-nsec-runtime,dk,0,
dk/use-nsec-runtime,2026-09-11 12:32:27,2026-09-11 12:32:28,dk/use-nsec-runtime,dk,2,
dk/use-nsec-runtime,2026-09-11 12:32:27,2026-09-11 12:32:29,dk/use-nsec-runtime,dk,2,
kn/receive-report-hook,2026-09-10 21:54:06,2026-09-15 00:00:00,kn/receive-report-hook,kn,0,
kn/receive-report-hook,2026-09-10 21:54:06,2026-09-10 21:54:07,kn/receive-report-hook,kn,2,
kn/receive-report-hook,2026-09-10 21:54:06,2026-09-10 21:54:08,kn/receive-report-hook,kn,2,
kn/receive-report-hook,2026-09-10 21:54:06,2026-09-10 21:54:09,kn/receive-report-hook,kn,2,
kn/receive-report-hook,2026-09-14 22:21:05,2026-09-14 22:36:05,kn/receive-report-hook,kn,2,
hn/history-squash,2026-09-01 00:00:00,2026-09-15 00:00:00,hn/history-squash,hn,0,
hn/history-squash,2026-09-01 00:00:00,2026-09-15 00:00:00,hn/history-squash,hn,1,
hn/history-squash,2026-09-08 20:26:52,2026-09-08 20:41:52,hn/history-squash,hn,2,
hn/history-squash,2026-09-08 20:26:53,2026-09-08 20:41:53,hn/history-squash,hn,2,
hn/history-squash,2026-09-08 20:26:54,2026-09-08 20:41:54,hn/history-squash,hn,2,
hn/history-squash,2026-09-08 20:26:55,2026-09-08 20:41:55,hn/history-squash,hn,2,
hn/history-squash,2026-09-08 20:26:56,2026-09-08 20:41:56,hn/history-squash,hn,2,
hn/history-squash,2026-09-08 20:26:57,2026-09-08 20:41:57,hn/history-squash,hn,2,
hn/history-squash,2026-09-08 20:26:58,2026-09-08 20:41:58,hn/history-squash,hn,2,
hn/history-squash,2026-09-08 20:26:59,2026-09-08 20:41:59,hn/history-squash,hn,2,
ps/odb-alternates-at-creation,2026-09-01 00:00:00,2026-09-15 00:00:00,ps/odb-alternates-at-creation,ps,0,
ps/odb-alternates-at-creation,2026-09-10 14:54:11,2026-09-10 15:09:11,ps/odb-alternates-at-creation,ps,2,
ps/odb-alternates-at-creation,2026-09-10 14:54:12,2026-09-10 15:09:12,ps/odb-alternates-at-creation,ps,2,
ps/odb-alternates-at-creation,2026-09-10 14:54:13,2026-09-10 15:09:13,ps/odb-alternates-at-creation,ps,2,
ps/odb-alternates-at-creation,2026-09-10 14:54:14,2026-09-10 15:09:14,ps/odb-alternates-at-creation,ps,2,
ps/odb-alternates-at-creation,2026-09-10 14:54:15,2026-09-10 15:09:15,ps/odb-alternates-at-creation,ps,2,
ps/odb-alternates-at-creation,2026-09-10 14:54:16,2026-09-10 15:09:16,ps/odb-alternates-at-creation,ps,2,
ps/odb-alternates-at-creation,2026-09-10 14:54:17,2026-09-10 15:09:17,ps/odb-alternates-at-creation,ps,2,
ps/odb-alternates-at-creation,2026-09-10 14:54:18,2026-09-10 15:09:18,ps/odb-alternates-at-creation,ps,2,
ps/odb-alternates-at-creation,2026-09-10 14:54:19,2026-09-10 15:09:19,ps/odb-alternates-at-creation,ps,2,
ps/ci-depends-on-ruby,2026-09-01 08:16:11,2026-09-15 00:00:00,ps/ci-depends-on-ruby,ps,0,
ps/ci-depends-on-ruby,2026-09-08 19:15:03,2026-09-15 00:00:00,ps/ci-depends-on-ruby,ps,1,
